序号,效力层级,标题,发布机关,文号,发布日期,施行日期,时效性/现行版本,适用范围,是否已入库,文件路径,来源URL,备注
1,法律,中华人民共和国民用航空法,全国人大常委会,主席令第44号(2025修订),2025-12-27,2026-07-01,现行有效(2026版),民用航空全领域；2026版首次纳入无人驾驶航空器/低空经济专门条款(第34条适航许可、第61条机场管制空域等),是,law/01_法律/中华人民共和国民用航空法.html,https://www.caac.gov.cn/,★核心上位法；须用2026-07-01新版，非2021修正版
2,法律,中华人民共和国刑法,全国人大及常委会,主席令(1997修订，含修正案十二),1997-03-14,1997-10-01,现行有效,黑飞危害公共安全、非法测绘、非法获取国家秘密、扰乱单位秩序等的刑事责任,否,law/01_法律/中华人民共和国刑法.pdf,https://www.gov.cn/,按相关罪名条款抽取即可，无需全文入库
3,法律,中华人民共和国治安管理处罚法,全国人大常委会,主席令(2025修订),2025-06-27,2026-01-01,现行有效(2026版),违规飞行/黑飞扰序、扰乱公共场所秩序、妨害公共安全的行政处罚,是,law/01_法律/中华人民共和国治安管理处罚法.html,https://www.gov.cn/,2026-01-01施行新版；无人机黑飞常用行政处罚依据
4,法律,中华人民共和国个人信息保护法,全国人大常委会,主席令第91号,2021-08-20,2021-11-01,现行有效,无人机航拍/巡检采集人脸、车牌等个人信息的合规,是,law/01_法律/中华人民共和国个人信息保护法.html,https://www.gov.cn/,
5,法律,中华人民共和国数据安全法,全国人大常委会,主席令第84号,2021-06-10,2021-09-01,现行有效,无人机采集/传输测绘、遥感等数据的安全管理,是,law/01_法律/中华人民共和国数据安全法.html,https://www.gov.cn/,
6,法律,中华人民共和国网络安全法,全国人大常委会,主席令第53号(2016),2016-11-07,2017-06-01,"现行有效(注:2025修正,2026-01-01施行,待核)",无人机联网系统(UOM/云系统)网络与数据安全,是,law/01_法律/中华人民共和国网络安全法.html,https://www.gov.cn/,
7,法律,中华人民共和国反恐怖主义法,全国人大常委会,主席令第36号(2018修正),2015-12-27,2016-01-01,现行有效,重点目标/大型活动上空无人机反恐管制,是,law/01_法律/中华人民共和国反恐怖主义法.html,https://www.gov.cn/,
8,法律,中华人民共和国国家安全法,全国人大常委会,主席令第29号,2015-07-01,2015-07-01,现行有效,涉国家安全的低空管控总则性依据,是,law/01_法律/中华人民共和国国家安全法.html,https://www.gov.cn/,
9,法律,中华人民共和国测绘法,全国人大常委会,主席令第67号(2017修订),2017-04-27,2017-07-01,现行有效,无人机航空摄影测量的测绘资质与成果管理,是,law/01_法律/中华人民共和国测绘法.html,https://www.gov.cn/,
10,法律,中华人民共和国突发事件应对法,全国人大常委会,主席令(2024修订),2024-06-28,2024-11-01,现行有效(2024版),应急救援/灾害监测无人机的应急征用与协同,是,law/01_法律/中华人民共和国突发事件应对法.html,https://www.gov.cn/,
11,法律,中华人民共和国民法典·第七编 侵权责任,全国人大,主席令第45号,2020-05-28,2021-01-01,现行有效,无人机坠落致人损害、高度危险作业责任、隐私侵权,是,law/01_法律/中华人民共和国民法典-第七编侵权责任.html,https://www.gov.cn/,
12,行政法规,无人驾驶航空器飞行管理暂行条例,国务院、中央军委,国务院令、中央军委令第761号,2023-05-31,2024-01-01,现行有效,★民用无人机分类(微/轻/小/中/大型)、实名登记、空域、飞行活动、法律责任的核心行政法规,是,law/02_行政法规/无人驾驶航空器飞行管理暂行条例.html,https://www.mee.gov.cn/zcwj/gwywj/202307/t20230706_1035450.shtml,★全案地基
13,行政法规,通用航空飞行管制条例,国务院、中央军委,国务院令、中央军委令第371号,2003-01-10,2003-05-01,现行有效,通用航空(含无人机)飞行计划申请、空域使用、飞行管制,否,law/02_行政法规/通用航空飞行管制条例.html,https://www.gov.cn/,
14,行政法规,中华人民共和国飞行基本规则,国务院、中央军委,国务院、中央军委令(2007修订),2000-07-24,2001-08-01,现行有效,国家空域划分与飞行的基本规则(上位空域规则),是,law/02_行政法规/中华人民共和国飞行基本规则.html,https://www.gov.cn/,
15,行政法规,中华人民共和国无线电管理条例,国务院、中央军委,国务院、中央军委令第672号,2016-11-11,2016-12-01,现行有效,无人机测控/图传/导航频率与无线电台(站)管理,否,law/02_行政法规/中华人民共和国无线电管理条例.html,https://www.gov.cn/,
16,行政法规,民用机场管理条例,国务院,国务院令第553号(2019修订),2009-04-13,2009-07-01,现行有效,民用机场净空保护区，禁止无人机干扰航空器起降,否,law/02_行政法规/民用机场管理条例.html,https://www.gov.cn/,
17,行政法规,中华人民共和国民用航空器国籍登记条例,国务院,国务院令第188号,1997-10-21,1997-10-21,现行有效,民用航空器国籍登记(适航/登记制度参照),是,law/02_行政法规/中华人民共和国民用航空器国籍登记条例.html,https://www.gov.cn/,
18,行政法规,中华人民共和国测绘成果管理条例,国务院,国务院令第469号,2006-05-27,2006-09-01,现行有效,无人机航测成果的汇交、保管与涉密管理,否,law/02_行政法规/中华人民共和国测绘成果管理条例.html,https://www.gov.cn/,
19,行政法规,外国民用航空器飞行管理规则,国务院、中央军委,国务院、中央军委,1979-02-23,1979-02-23,现行有效,外国民用航空器入境飞行(边缘相关),是,law/02_行政法规/外国民用航空器飞行管理规则.html,https://www.gov.cn/,
20,部门规章,民用无人驾驶航空器运行安全管理规则(CCAR-92),交通运输部/中国民航局,交通运输部令2024年第1号,2024-01-04,2024-01-01,现行有效,★开放类/特定类/审定类无人机运行安全；操控员、运营、适航衔接,是,law/03_部门规章/CCAR-92_民用无人驾驶航空器运行安全管理规则.pdf,https://www.caac.gov.cn/,★核心运行规章
21,部门规章,一般运行和飞行规则(CCAR-91-R4),中国民航局,交通运输部令(CCAR-91 R4),2021-11-08,2022-01-01,现行有效,民用航空器一般运行与飞行规则(通航/无人机部分条款参照),否,law/03_部门规章/CCAR-91-R4_一般运行和飞行规则.pdf,https://www.caac.gov.cn/,
22,规范性文件,民用无人驾驶航空器经营性飞行活动管理办法(暂行),中国民航局运输司,MD-TR-2018-01,2018-05-28,2018-06-01,现行有效,无人机经营许可证的申请、条件与监督管理,是,law/04_规范性文件/MD-TR-2018-01_民用无人驾驶航空器经营性飞行活动管理办法(暂行).pdf,https://www.caac.gov.cn/,
23,规范性文件,轻小无人机运行规定(试行)(AC-91-FS-2015-31),中国民航局飞标司,AC-91-FS-2015-31,2015-12-29,2015-12-29,现行有效(部分被CCAR-92吸收),轻小型无人机分类(I-XI类)运行要求、云系统接入,是,law/04_规范性文件/AC-91-FS-2015-31_轻小无人机运行规定(试行).pdf,https://www.caac.gov.cn/,
24,规范性文件,民用无人驾驶航空器操控员管理规定(AC-61-FS-020R3),中国民航局飞标司,AC-61-FS-020R3,2024,2024,现行有效,无人机操控员执照/等级、训练与考试(替代原驾驶员管理规定),否,law/04_规范性文件/AC-61-FS-020R3_民用无人驾驶航空器操控员管理规定.pdf,https://www.caac.gov.cn/,
25,规范性文件,民用无人驾驶航空器系统空中交通管理办法(MD-TM-2016-004),中国民航局空管办,MD-TM-2016-004,2016-09-21,2016-09-21,现行有效,无人机系统空中交通服务与空域协调,否,law/04_规范性文件/MD-TM-2016-004_民用无人驾驶航空器系统空中交通管理办法.pdf,https://www.caac.gov.cn/,
26,规范性文件,民用无人驾驶航空器系统适航审定管理程序(AP-21-AA-2022-71),中国民航局适航司,AP-21-AA-2022-71,2022,2022,现行有效,无人机系统适航审定(型号合格审定)程序,否,law/04_规范性文件/AP-21-AA-2022-71_民用无人驾驶航空器系统适航审定管理程序.pdf,https://www.caac.gov.cn/,
27,规范性文件,民用无人驾驶航空器实名制登记管理规定(AP-45-AA-2017-03),中国民航局,AP-45-AA-2017-03,2017-05-16,2017-06-01,已废止/被取代,250g以上无人机实名登记(旧制),否,law/04_规范性文件/AP-45-AA-2017-03_民用无人驾驶航空器实名制登记管理规定.pdf,https://www.caac.gov.cn/,⚠已被 GB 46761-2025《实名登记和激活要求》(2026-05-01施行)取代，仅作历史/对比语料
28,规范性文件,D类(限用类)无人驾驶航空器系统失效状态(AC-21-AA-2022-40),中国民航局适航司,AC-21-AA-2022-40,2022,2022,现行有效,D类限用类无人机系统失效状态与安全性分析,否,law/04_规范性文件/AC-21-AA-2022-40_D类限用类无人驾驶航空器系统失效状态.pdf,https://www.caac.gov.cn/,
29,规范性文件,限用类无人驾驶航空器系统适航标准(AC-21-AA-2026-44),中国民航局适航司,AC-21-AA-2026-44,2026-02-12,2026-02-12,现行有效,中型及最大起飞重量<3180kg大型限用类无人机型号合格审定适航要求,否,law/04_规范性文件/AC-21-AA-2026-44_限用类无人驾驶航空器系统适航标准.pdf,http://www.caac.gov.cn/XXGK/XXGK/GFXWJ/202602/P020260226338705668572.pdf,
30,规范性文件,正常类多旋翼无人驾驶航空器系统(不载人)适航标准(AC-21-AA-2026-46),中国民航局适航司,AC-21-AA-2026-46(民航适函〔2026〕26号),2026-04-03,2026-04-03,现行有效,进入融合空域或人口密集区上方飞行、不载人的正常类多旋翼无人机适航要求,否,law/04_规范性文件/AC-21-AA-2026-46_正常类多旋翼无人驾驶航空器系统适航标准.pdf,https://www.caac.gov.cn/,
31,规范性文件,正常类动力提升无人驾驶航空器系统(不载人)适航标准(AC-21-AA-2026-47),中国民航局适航司,AC-21-AA-2026-47,2026,2026,现行有效,正常类动力提升(不载人)无人机适航要求,否,law/04_规范性文件/AC-21-AA-2026-47_正常类动力提升无人驾驶航空器系统适航标准.pdf,https://www.caac.gov.cn/,
32,规范性文件,中型民用无人驾驶航空器系统适航标准及符合性指导材料(试行)(AC-92-AA-2024-02),中国民航局适航司,AC-92-AA-2024-02,2024,2024,"现行有效(注:或被AC-21-AA-2026-44替代,待核)",中型无人机系统适航标准(试行),否,law/04_规范性文件/AC-92-AA-2024-02_中型民用无人驾驶航空器系统适航标准及符合性指导材料(试行).pdf,https://www.caac.gov.cn/,⚠2026限用类适航标准生效后其中型部分可能废止，复核时效
33,规范性文件,民用无人驾驶航空器运行控制系统要求(AC-92-FS-002),中国民航局飞标司,AC-92-FS-002,2024,2024,现行有效,无人机运行控制系统技术与管理要求,否,law/04_规范性文件/AC-92-FS-002_民用无人驾驶航空器运行控制系统要求.pdf,https://www.caac.gov.cn/,
34,规范性文件,无人驾驶航空器系统信息通告(IB-TM-2022-05),中国民航局空管办,IB-TM-2022-05,2022,2022,现行有效,无人机系统运行相关信息通告,否,law/04_规范性文件/IB-TM-2022-05_无人驾驶航空器系统信息通告.pdf,https://www.caac.gov.cn/,
35,标准,民用无人驾驶航空器系统运行识别规范(GB 46750-2025),市场监管总局(标准委)/民航局,GB 46750-2025,2025-10-31,2026-05-01,现行有效(强制性国标),★无人机运行全过程主动报送身份/位置/速度识别信息(广播式+网络式)技术要求,否,law/05_标准/GB 46750-2025 民用无人驾驶航空器系统运行识别规范.pdf,https://www.caac.gov.cn/,
36,标准,民用无人驾驶航空器实名登记和激活要求(GB 46761-2025),市场监管总局(标准委)/民航局,GB 46761-2025,2025-10-31,2026-05-01,现行有效(强制性国标),★250g以上无人机实名登记+一机一码强制激活(替代2017实名制规定),否,law/05_标准/GB 46761-2025 民用无人驾驶航空器实名登记和激活要求.pdf,https://www.caac.gov.cn/,⚠官方PDF逐字空格/多栏，自动抽取碎片严重，待Word版或人工整理后入库
37,标准,民用无人驾驶航空器系统安全要求(GB 42590-2023),市场监管总局(标准委)/工信部提出归口,GB 42590-2023,2023-05-23,2024-06-01(主要条款提前至2024-01-01),现行有效(强制性国标·首项),★除航模外微/轻/小型无人机的研制/生产/交付/使用；规定电子围栏、远程识别、应急处置、感知避让等17项强制技术要求及试验方法；761号条例核心配套支撑标准,是,law/05_标准/GB 42590-2023 民用无人驾驶航空器系统安全要求.pdf,https://openstd.samr.gov.cn/bzgk/gb/newGbInfo?hcno=0DC41035BA23EF2C5B94E6482492AF1E,"2026-08-04 OCR入库(rapidocr-onnxruntime,38页扫描件无文字层→31条chunk：第3章术语定义(微/轻/小型法定阈值)+第4章17项安全要求4.1~4.17)；第5章试验方法表格密集、检测操作细节，未逐条入库"
38,标准,民用微轻小型无人驾驶航空器运行识别最低性能要求(试行)(IB-TM-2024-01),中国民航局空管办,IB-TM-2024-01,2024,2024,现行有效,微/轻/小型无人机运行识别最低性能(信息通告),否,law/05_标准/IB-TM-2024-01 民用微轻小型无人驾驶航空器运行识别最低性能要求(试行) 信息通告.pdf,https://www.caac.gov.cn/,与 05_标准/民用微轻小型…(试行).pdf 内容同源，注意去重
39,标准,无人机围栏(MH-T 2008-2017),中国民航局,MH/T 2008-2017,2017,2017,现行有效(民航行业标准),电子围栏技术要求,否,law/05_标准/MH-T 2008-2017 无人机围栏.pdf,https://www.caac.gov.cn/,
40,标准,无人机云系统接口数据规范(MH-T 2009-2017),中国民航局,MH/T 2009-2017,2017,2017,现行有效(民航行业标准),无人机云系统接口数据,是,law/05_标准/MH-T 2009-2017 无人机云系统接口数据规范.pdf,https://www.caac.gov.cn/,
41,标准,无人机云系统数据规范(MH-T 2011-2019),中国民航局,MH/T 2011-2019,2019,2019,现行有效(民航行业标准),无人机云系统数据,是,law/05_标准/MH-T 2011-2019 无人机云系统数据规范.pdf,https://www.caac.gov.cn/,
42,标准,民用无人驾驶航空器系统分布式操控员能力要求与评估(MH-T 2018-2026),中国民航局,MH/T 2018-2026,2026,2026,现行有效(民航行业标准),分布式操控员能力与评估,否,law/05_标准/MH-T 2018-2026 民用无人驾驶航空器系统分布式操控员能力要求与评估.pdf,https://www.caac.gov.cn/,
43,标准,大型民用无人驾驶航空器系统操控员训练要求(MH-T 2019-2026),中国民航局,MH/T 2019-2026,2026,2026,现行有效(民航行业标准),大型无人机操控员训练,否,law/05_标准/MH-T 2019-2026 大型民用无人驾驶航空器系统操控员训练要求.pdf,https://www.caac.gov.cn/,
44,标准,民用无人驾驶航空器空域信息数字化技术要求 第1部分:编码及使用(MH-T 4063.1-2026),中国民航局,MH/T 4063.1-2026,2026,2026,现行有效(民航行业标准),低空空域信息数字化编码,否,law/05_标准/MH-T 4063.1-2026 民用无人驾驶航空器空域信息数字化技术要求 第1部分 编码及使用.pdf,https://www.caac.gov.cn/,
45,标准,民用无人驾驶航空器航行服务系统数据安全技术要求(MH-T 4064-2026),中国民航局,MH/T 4064-2026,2026,2026,现行有效(民航行业标准),航行服务系统数据安全,否,law/05_标准/MH-T 4064-2026 民用无人驾驶航空器航行服务系统数据安全技术要求.pdf,https://www.caac.gov.cn/,
46,标准,民用无人驾驶航空器降落伞系统规范(MH-T 6140-2026),中国民航局,MH/T 6140-2026,2026,2026,现行有效(民航行业标准),无人机降落伞系统,否,law/05_标准/MH-T 6140-2026 民用无人驾驶航空器降落伞系统规范.pdf,https://www.caac.gov.cn/,
47,标准,民用微轻小型无人驾驶航空器运行识别最低性能要求(试行),中国民航局空管办,(同 IB-TM-2024-01),2024,2024,现行有效,微/轻/小型无人机运行识别最低性能,否,law/05_标准/民用微轻小型无人驾驶航空器运行识别最低性能要求(试行).pdf,https://www.caac.gov.cn/,与 IB-TM-2024-01 同源，入库时择一/去重
48,地方性法规/地方规章,深圳经济特区低空经济产业促进条例,深圳市人民代表大会常务委员会,深圳市第七届人民代表大会常务委员会公告,2024-01-03,2024-02-01,有效 / 地方性法规,地方低空经济产业促进/飞行服务保障,是,law/06_地方性法规/深圳市深圳经济特区低空经济产业促进条例.html,https://sqzc.gd.gov.cn/rdzt/wlcy/zcsd/content/post_4366262.html,种子；全国首部低空经济专项立法（广东省政策库同文源，深圳人大站证书兼容问题）
49,地方性法规/地方规章,苏州市低空经济促进条例,苏州市人民代表大会常务委员会,苏州市人民代表大会常务委员会公告,2025-08-06,2025-10-01,有效 / 地方性法规,地方低空经济产业促进/飞行服务保障,是,law/06_地方性法规/苏州市苏州市低空经济促进条例.html,https://www.suzhou.gov.cn/szsrmzf/gbdfxfg/202509/69b369ede5ea4961915f726223faddb5.shtml,种子
50,地方性法规/地方规章,无锡市低空经济发展促进条例,无锡市人民代表大会常务委员会,无锡市人民代表大会常务委员会公告,2025-08,2025-10-01,有效 / 地方性法规,地方低空经济产业促进/飞行服务保障,否,law/06_地方性法规/无锡市无锡市低空经济发展促进条例.html,https://www.wuxi.gov.cn/doc/2025/08/11/4627089.shtml,2025-06-27 无锡市人大常委会通过，2025-07-30 江苏省人大常委会批准
51,地方性法规/地方规章,广州市低空经济发展条例,广州市人民代表大会常务委员会,广州市第十六届人民代表大会常务委员会公告,2025-01-21,2025-02-28,有效 / 地方性法规,地方低空经济产业促进/飞行服务保障,否,law/06_地方性法规/广州市广州市低空经济发展条例.html,https://www.rd.gz.cn/xwdt/content/post_257581.html,2024-11-29 市人大常委会通过，2025-01-12 广东省人大常委会批准
52,地方性法规/地方规章,珠海经济特区低空交通建设管理条例,珠海市人民代表大会常务委员会,珠海市人民代表大会常务委员会〔十届〕第四十五号,2024-11-21,2025-01-01,有效 / 地方性法规,地方低空经济产业促进/飞行服务保障,否,law/06_地方性法规/珠海市珠海经济特区低空交通建设管理条例.html,https://www.hengqin.gov.cn/lab/flfg/zhdffg/content/post_3734944.html,经济特区所在市地方性法规；含横琴粤澳深度合作区特别规定
53,地方性法规/地方规章,济南市低空经济发展促进办法,济南市人民政府,济南市人民政府令,2026,2026,有效 / 地方政府规章,地方低空经济产业促进/飞行服务保障,否,law/06_地方性法规/济南市济南市低空经济发展促进办法.html,https://www.moj.gov.cn/pub/sfbgw/flfggz/flfggzdfzwgz/202605/t20260513_534843.html,地方政府规章（管理办法），司法部地方政府规章库
54,地方性法规/地方规章,芜湖市低空经济健康发展促进办法,芜湖市人民政府,芜湖市人民政府令第75号,2026-01-27,2026-03-01,有效 / 地方政府规章,地方低空经济产业促进/飞行服务保障,否,law/06_地方性法规/芜湖市芜湖市低空经济健康发展促进办法.html,https://www.wuhu.gov.cn/openness/public/6596211/40511251.html,地方政府规章（管理办法）；安徽省首部低空经济领域地方立法
55,地方性法规/地方规章,南京市低空飞行服务保障办法(试行),南京市人民政府,南京市人民政府,2024-11-22,2025-01-01,有效 / 地方政府规章,地方低空经济产业促进/飞行服务保障,否,law/06_地方性法规/南京市南京市低空飞行服务保障办法(试行).html,https://www.nanjing.gov.cn/xxgkn/szgfxwj/202412/t20241203_5024696.html,行政规范性文件（试行，试行期两年）；低空飞行服务保障办法
56,解读与案例,国家空中交通管理委员会办公室负责人就《无人驾驶航空器飞行管理暂行条例》答记者问,司法部/国家空管委办公室,,2023-06-29,,解读,关联:无人驾驶航空器飞行管理暂行条例,是,law/07_解读与案例/空管委办公室负责人就无人驾驶航空器飞行管理暂行条例答记者问.html,https://www.moj.gov.cn/pub/sfbgwapp/zwgk/jdhyApp/202306/t20230629_481610.html,
57,解读与案例,《无人驾驶航空器飞行管理暂行条例》政策解读（司法部）,司法部,,2023-06-29,,解读,关联:无人驾驶航空器飞行管理暂行条例,是,law/07_解读与案例/司法部_无人驾驶航空器飞行管理暂行条例政策解读.html,https://www.moj.gov.cn/pub/sfbgw/zcjd/202306/t20230629_481601.html,
58,解读与案例,专家解读：完善配套措施确保法规落实（《无人驾驶航空器飞行管理暂行条例》）,司法部,,2023-06-29,,解读,关联:无人驾驶航空器飞行管理暂行条例,否,law/07_解读与案例/专家解读_完善配套措施确保法规落实.html,https://www.moj.gov.cn/pub/sfbgwapp/zwgk/jdhyApp/202306/t20230629_481607.html,
59,解读与案例,《无人驾驶航空器飞行管理暂行条例》解读（司法部信息公开·解读回应）,司法部,,2023-06-29,,解读,关联:无人驾驶航空器飞行管理暂行条例,是,law/07_解读与案例/司法部信息公开_无人驾驶航空器飞行管理暂行条例解读.html,https://www.moj.gov.cn/pub/sfbgw/zwxxgk/fdzdgknr/fdzdgknrjdhy/202306/t20230629_481604.html,
60,解读与案例,民航局召开视频会议宣贯《民用无人驾驶航空器运行安全管理规则》(CCAR-92部),中国民航局,,2024-03-28,,解读,关联:CCAR-92 民用无人驾驶航空器运行安全管理规则,是,law/07_解读与案例/民航局宣贯CCAR-92运行安全管理规则.html,http://www.caacnews.com.cn/special/2024NZT/8024/20191xgbd/202403/t20240328_1376927.html,
61,解读与案例,解读 | 《民用无人驾驶航空器经营性飞行活动管理办法（暂行）》,中国民航局,,2018-04-09,,解读,关联:民用无人驾驶航空器经营性飞行活动管理办法(暂行),是,law/07_解读与案例/解读_民用无人驾驶航空器经营性飞行活动管理办法.html,http://www.caac.gov.cn/XXGK/XXGK/ZCJD/201804/t20180409_56264.html,
62,解读与案例,解读丨强制性国家标准《民用无人驾驶航空器实名登记和激活要求》(GB 46761-2025),中国民航局,,2026-04-21,,解读,关联:GB 46761-2025 民用无人驾驶航空器实名登记和激活要求,否,law/07_解读与案例/解读_民用无人驾驶航空器实名登记和激活要求GB46761.html,http://www.caac.gov.cn/XXGK/XXGK/ZCFBJD/202604/t20260421_230620.html,
63,解读与案例,强制性国家标准《民用无人驾驶航空器实名登记和激活要求》重点问题解答,中国民航局,,2026-04-21,,解读,关联:GB 46761-2025 民用无人驾驶航空器实名登记和激活要求,否,law/07_解读与案例/GB46761实名登记和激活要求_重点问题解答.pdf,http://www.caac.gov.cn/XXGK/XXGK/ZCJD/202604/P020260421533372627527.pdf,
64,解读与案例,解读丨强制性国家标准《民用无人驾驶航空器系统运行识别规范》(GB 46750-2025),中国民航局,,2026-01-20,,解读,关联:GB 46750-2025 民用无人驾驶航空器系统运行识别规范,否,law/07_解读与案例/解读_民用无人驾驶航空器系统运行识别规范GB46750.html,https://www.caac.gov.cn/XXGK/XXGK/ZCFBJD/202601/t20260120_229793.html,
65,解读与案例,中国民用航空局关于民用无人驾驶航空器监管服务有关事宜的公告,中国民航局,,2023-12-31,,解读,关联:无人驾驶航空器飞行管理暂行条例,否,law/07_解读与案例/民航局关于民用无人驾驶航空器监管服务有关事宜的公告.html,https://www.caac.gov.cn/XXGK/XXGK/TZTG/202312/t20231231_222550.html,
66,解读与案例,公安部公布依法打击无人机“黑飞”违法犯罪典型案例（新华网发布）,新华网/公安部,,2026-02-04,,案例,关联:无人驾驶航空器飞行管理暂行条例/治安管理处罚法/刑法,否,law/07_解读与案例/新华网_公安部无人机黑飞典型案例.html,https://www.news.cn/legal/20260204/a7216ea1724e47fe88da2ff845cdc8d3/c.html,公安部案例的权威媒体发布版
67,解读与案例,“空中刺客”频现：无人机治理刻不容缓（最高检）,最高人民检察院,,2025-12-22,,案例,关联:无人驾驶航空器飞行管理暂行条例,否,law/07_解读与案例/最高检_空中刺客频现无人机治理刻不容缓.html,https://www.spp.gov.cn/spp/zdgz/202512/t20251222_714201.shtml,含检察公益诉讼办案情况
68,解读与案例,重庆梁平区：检察公益诉讼推动消除无人机“黑飞”隐患（最高检）,最高人民检察院,,2026-04-21,,案例,关联:无人驾驶航空器飞行管理暂行条例,否,law/07_解读与案例/最高检_重庆梁平区检察公益诉讼消除无人机黑飞隐患.html,https://www.spp.gov.cn/spp/dfjcdt/202604/t20260421_726166.shtml,
69,解读与案例,充分发挥职能作用 服务低空经济高质量发展（最高检·无人机黑飞治理）,最高人民检察院,,2025-05-26,,案例,关联:无人驾驶航空器飞行管理暂行条例,否,law/07_解读与案例/最高检_充分发挥职能作用服务低空经济黑飞治理.html,https://www.spp.gov.cn/spp/llyj/202505/t20250526_696560.shtml,
